U,RSSI,N,L_total,L_per,distance,source
87.1187,-31.6777,20.0,200.0,10.0,0.0,cu_0125_RSSI.csv
89.7448,-52.6468,20.0,200.0,10.0,5.0,cu_0125_RSSI.csv
88.5601,-61.6777,20.0,200.0,10.0,10.0,cu_0125_RSSI.csv
86.4741,-66.9604,20.0,200.0,10.0,15.0,cu_0125_RSSI.csv
88.6426,-70.7086,20.0,200.0,10.0,20.0,cu_0125_RSSI.csv
90.1308,-73.6159,20.0,200.0,10.0,25.0,cu_0125_RSSI.csv
88.3599,-75.9913,20.0,200.0,10.0,30.0,cu_0125_RSSI.csv
86.0944,-31.6777,15.0,150.0,10.0,0.0,cu_0125_RSSI.csv
85.6347,-52.6468,15.0,150.0,10.0,5.0,cu_0125_RSSI.csv
87.5716,-61.6777,15.0,150.0,10.0,10.0,cu_0125_RSSI.csv
87.1246,-66.9604,15.0,150.0,10.0,15.0,cu_0125_RSSI.csv
88.0101,-70.7086,15.0,150.0,10.0,20.0,cu_0125_RSSI.csv
89.344,-73.6159,15.0,150.0,10.0,25.0,cu_0125_RSSI.csv
88.9677,-75.9913,15.0,150.0,10.0,30.0,cu_0125_RSSI.csv
82.2228,-31.6777,10.0,100.0,10.0,0.0,cu_0125_RSSI.csv
79.6449,-52.6468,10.0,100.0,10.0,5.0,cu_0125_RSSI.csv
79.4527,-61.6777,10.0,100.0,10.0,10.0,cu_0125_RSSI.csv
81.4093,-66.9604,10.0,100.0,10.0,15.0,cu_0125_RSSI.csv
85.6648,-70.7086,10.0,100.0,10.0,20.0,cu_0125_RSSI.csv
87.7478,-73.6159,10.0,100.0,10.0,25.0,cu_0125_RSSI.csv
79.4267,-75.9913,10.0,100.0,10.0,30.0,cu_0125_RSSI.csv
17.8892,-31.6777,1.0,10.0,10.0,0.0,cu_0125_RSSI.csv
17.9147,-52.6468,1.0,10.0,10.0,5.0,cu_0125_RSSI.csv
19.8729,-61.6777,1.0,10.0,10.0,10.0,cu_0125_RSSI.csv
17.8967,-66.9604,1.0,10.0,10.0,15.0,cu_0125_RSSI.csv
20.2636,-70.7086,1.0,10.0,10.0,20.0,cu_0125_RSSI.csv
22.3152,-73.6159,1.0,10.0,10.0,25.0,cu_0125_RSSI.csv
31.8859,-75.9913,1.0,10.0,10.0,30.0,cu_0125_RSSI.csv
61.0396,-31.6777,5.0,50.0,10.0,0.0,cu_0125_RSSI.csv
62.1064,-52.6468,5.0,50.0,10.0,5.0,cu_0125_RSSI.csv
65.0847,-61.6777,5.0,50.0,10.0,10.0,cu_0125_RSSI.csv
67.0628,-66.9604,5.0,50.0,10.0,15.0,cu_0125_RSSI.csv
70.4486,-70.7086,5.0,50.0,10.0,20.0,cu_0125_RSSI.csv
74.4956,-73.6159,5.0,50.0,10.0,25.0,cu_0125_RSSI.csv
65.2026,-75.9913,5.0,50.0,10.0,30.0,cu_0125_RSSI.csv
50.245,-31.6777,3.0,30.0,10.0,0.0,cu_0125_RSSI.csv
50.1724,-52.6468,3.0,30.0,10.0,5.0,cu_0125_RSSI.csv
52.9689,-61.6777,3.0,30.0,10.0,10.0,cu_0125_RSSI.csv
52.8211,-66.9604,3.0,30.0,10.0,15.0,cu_0125_RSSI.csv
57.2812,-70.7086,3.0,30.0,10.0,20.0,cu_0125_RSSI.csv
59.8499,-73.6159,3.0,30.0,10.0,25.0,cu_0125_RSSI.csv
50.0944,-75.9913,3.0,30.0,10.0,30.0,cu_0125_RSSI.csv
36.4333,-31.6777,2.0,20.0,10.0,0.0,cu_0125_RSSI.csv
36.3887,-52.6468,2.0,20.0,10.0,5.0,cu_0125_RSSI.csv
39.997,-61.6777,2.0,20.0,10.0,10.0,cu_0125_RSSI.csv
39.6034,-66.9604,2.0,20.0,10.0,15.0,cu_0125_RSSI.csv
44.0712,-70.7086,2.0,20.0,10.0,20.0,cu_0125_RSSI.csv
39.8318,-73.6159,2.0,20.0,10.0,25.0,cu_0125_RSSI.csv
44.2162,-75.9913,2.0,20.0,10.0,30.0,cu_0125_RSSI.csv
67.5879,-31.6777,6.0,60.0,10.0,0.0,cu_0125_RSSI.csv
66.6753,-52.6468,6.0,60.0,10.0,5.0,cu_0125_RSSI.csv
70.1443,-61.6777,6.0,60.0,10.0,10.0,cu_0125_RSSI.csv
69.9151,-66.9604,6.0,60.0,10.0,15.0,cu_0125_RSSI.csv
72.5852,-70.7086,6.0,60.0,10.0,20.0,cu_0125_RSSI.csv
70.7575,-73.6159,6.0,60.0,10.0,25.0,cu_0125_RSSI.csv
66.5965,-75.9913,6.0,60.0,10.0,30.0,cu_0125_RSSI.csv
74.8355,-31.6777,7.0,70.0,10.0,0.0,cu_0125_RSSI.csv
72.6138,-52.6468,7.0,70.0,10.0,5.0,cu_0125_RSSI.csv
72.0605,-61.6777,7.0,70.0,10.0,10.0,cu_0125_RSSI.csv
74.7539,-66.9604,7.0,70.0,10.0,15.0,cu_0125_RSSI.csv
79.2407,-70.7086,7.0,70.0,10.0,20.0,cu_0125_RSSI.csv
75.532,-73.6159,7.0,70.0,10.0,25.0,cu_0125_RSSI.csv
77.9587,-75.9913,7.0,70.0,10.0,30.0,cu_0125_RSSI.csv
73.1087,-31.6777,8.0,80.0,10.0,0.0,cu_0125_RSSI.csv
75.1347,-52.6468,8.0,80.0,10.0,5.0,cu_0125_RSSI.csv
74.958,-61.6777,8.0,80.0,10.0,10.0,cu_0125_RSSI.csv
75.8244,-66.9604,8.0,80.0,10.0,15.0,cu_0125_RSSI.csv
82.1051,-70.7086,8.0,80.0,10.0,20.0,cu_0125_RSSI.csv
83.9992,-73.6159,8.0,80.0,10.0,25.0,cu_0125_RSSI.csv
72.273,-75.9913,8.0,80.0,10.0,30.0,cu_0125_RSSI.csv
79.3689,-31.6777,9.0,90.0,10.0,0.0,cu_0125_RSSI.csv
82.0789,-52.6468,9.0,90.0,10.0,5.0,cu_0125_RSSI.csv
78.9823,-61.6777,9.0,90.0,10.0,10.0,cu_0125_RSSI.csv
79.9781,-66.9604,9.0,90.0,10.0,15.0,cu_0125_RSSI.csv
85.0132,-70.7086,9.0,90.0,10.0,20.0,cu_0125_RSSI.csv
82.0624,-73.6159,9.0,90.0,10.0,25.0,cu_0125_RSSI.csv
75.6418,-75.9913,9.0,90.0,10.0,30.0,cu_0125_RSSI.csv
55.0205,-31.6777,4.0,40.0,10.0,0.0,cu_0125_RSSI.csv
55.6295,-52.6468,4.0,40.0,10.0,5.0,cu_0125_RSSI.csv
58.6845,-61.6777,4.0,40.0,10.0,10.0,cu_0125_RSSI.csv
61.3665,-66.9604,4.0,40.0,10.0,15.0,cu_0125_RSSI.csv
66.2789,-70.7086,4.0,40.0,10.0,20.0,cu_0125_RSSI.csv
63.508,-73.6159,4.0,40.0,10.0,25.0,cu_0125_RSSI.csv
61.0061,-75.9913,4.0,40.0,10.0,30.0,cu_0125_RSSI.csv
9.12861,-52.6468,1.0,5.0,5.0,5.0,cu_0119_1st.csv
18.0457,-52.6468,2.0,10.0,5.0,5.0,cu_0119_1st.csv
27.614,-52.6468,3.0,15.0,5.0,5.0,cu_0119_1st.csv
38.2883,-52.6468,4.0,20.0,5.0,5.0,cu_0119_1st.csv
47.7861,-52.6468,5.0,25.0,5.0,5.0,cu_0119_1st.csv
57.7304,-52.6468,7.0,35.0,5.0,5.0,cu_0119_1st.csv
70.0845,-52.6468,10.0,50.0,5.0,5.0,cu_0119_1st.csv
77.8727,-52.6468,15.0,75.0,5.0,5.0,cu_0119_1st.csv
83.5904,-52.6468,20.0,100.0,5.0,5.0,cu_0119_1st.csv
88.5483,-52.6468,25.0,125.0,5.0,5.0,cu_0119_1st.csv
89.7763,-52.6468,30.0,150.0,5.0,5.0,cu_0119_1st.csv
90.8465,-52.6468,35.0,175.0,5.0,5.0,cu_0119_1st.csv
90.5044,-52.6468,40.0,200.0,5.0,5.0,cu_0119_1st.csv
10.1063,-61.6777,1.0,5.0,5.0,10.0,cu_0119_1st.csv
20.027,-61.6777,2.0,10.0,5.0,10.0,cu_0119_1st.csv
29.9291,-61.6777,3.0,15.0,5.0,10.0,cu_0119_1st.csv
40.9002,-61.6777,4.0,20.0,5.0,10.0,cu_0119_1st.csv
51.1945,-61.6777,5.0,25.0,5.0,10.0,cu_0119_1st.csv
62.549,-61.6777,7.0,35.0,5.0,10.0,cu_0119_1st.csv
72.8172,-61.6777,10.0,50.0,5.0,10.0,cu_0119_1st.csv
81.6311,-61.6777,15.0,75.0,5.0,10.0,cu_0119_1st.csv
85.8741,-61.6777,20.0,100.0,5.0,10.0,cu_0119_1st.csv
90.2245,-61.6777,25.0,125.0,5.0,10.0,cu_0119_1st.csv
89.7264,-61.6777,30.0,150.0,5.0,10.0,cu_0119_1st.csv
89.5573,-61.6777,35.0,175.0,5.0,10.0,cu_0119_1st.csv
89.9096,-61.6777,40.0,200.0,5.0,10.0,cu_0119_1st.csv
9.85351,-66.9604,1.0,5.0,5.0,15.0,cu_0119_1st.csv
19.8349,-66.9604,2.0,10.0,5.0,15.0,cu_0119_1st.csv
29.8758,-66.9604,3.0,15.0,5.0,15.0,cu_0119_1st.csv
42.8964,-66.9604,4.0,20.0,5.0,15.0,cu_0119_1st.csv
52.7677,-66.9604,5.0,25.0,5.0,15.0,cu_0119_1st.csv
62.8396,-66.9604,7.0,35.0,5.0,15.0,cu_0119_1st.csv
72.9298,-66.9604,10.0,50.0,5.0,15.0,cu_0119_1st.csv
80.2556,-66.9604,15.0,75.0,5.0,15.0,cu_0119_1st.csv
86.2862,-66.9604,20.0,100.0,5.0,15.0,cu_0119_1st.csv
85.724,-66.9604,25.0,125.0,5.0,15.0,cu_0119_1st.csv
85.0699,-66.9604,30.0,150.0,5.0,15.0,cu_0119_1st.csv
86.0116,-66.9604,35.0,175.0,5.0,15.0,cu_0119_1st.csv
86.2671,-66.9604,40.0,200.0,5.0,15.0,cu_0119_1st.csv
11.1551,-70.7086,1.0,5.0,5.0,20.0,cu_0119_1st.csv
22.5413,-70.7086,2.0,10.0,5.0,20.0,cu_0119_1st.csv
34.3004,-70.7086,3.0,15.0,5.0,20.0,cu_0119_1st.csv
46.5101,-70.7086,4.0,20.0,5.0,20.0,cu_0119_1st.csv
55.147,-70.7086,5.0,25.0,5.0,20.0,cu_0119_1st.csv
66.2089,-70.7086,7.0,35.0,5.0,20.0,cu_0119_1st.csv
77.5226,-70.7086,10.0,50.0,5.0,20.0,cu_0119_1st.csv
83.9885,-70.7086,15.0,75.0,5.0,20.0,cu_0119_1st.csv
88.1219,-70.7086,20.0,100.0,5.0,20.0,cu_0119_1st.csv
87.5644,-70.7086,25.0,125.0,5.0,20.0,cu_0119_1st.csv
87.6208,-70.7086,30.0,150.0,5.0,20.0,cu_0119_1st.csv
87.6152,-70.7086,35.0,175.0,5.0,20.0,cu_0119_1st.csv
87.389,-70.7086,40.0,200.0,5.0,20.0,cu_0119_1st.csv
11.3785,-73.6159,1.0,5.0,5.0,25.0,cu_0119_1st.csv
22.463,-73.6159,2.0,10.0,5.0,25.0,cu_0119_1st.csv
34.7157,-73.6159,3.0,15.0,5.0,25.0,cu_0119_1st.csv
55.4914,-73.6159,4.0,20.0,5.0,25.0,cu_0119_1st.csv
61.7144,-73.6159,5.0,25.0,5.0,25.0,cu_0119_1st.csv
67.334,-73.6159,7.0,35.0,5.0,25.0,cu_0119_1st.csv
79.5263,-73.6159,10.0,50.0,5.0,25.0,cu_0119_1st.csv
86.9793,-73.6159,15.0,75.0,5.0,25.0,cu_0119_1st.csv
87.8093,-73.6159,20.0,100.0,5.0,25.0,cu_0119_1st.csv
89.0429,-73.6159,25.0,125.0,5.0,25.0,cu_0119_1st.csv
88.5268,-73.6159,30.0,150.0,5.0,25.0,cu_0119_1st.csv
89.6593,-73.6159,35.0,175.0,5.0,25.0,cu_0119_1st.csv
87.4396,-73.6159,40.0,200.0,5.0,25.0,cu_0119_1st.csv
17.9147,-52.6468,1.0,10.0,10.0,5.0,cu_0119_1st.csv
36.3887,-52.6468,2.0,20.0,10.0,5.0,cu_0119_1st.csv
50.1724,-52.6468,3.0,30.0,10.0,5.0,cu_0119_1st.csv
55.6295,-52.6468,4.0,40.0,10.0,5.0,cu_0119_1st.csv
62.1064,-52.6468,5.0,50.0,10.0,5.0,cu_0119_1st.csv
72.6138,-52.6468,7.0,70.0,10.0,5.0,cu_0119_1st.csv
79.6449,-52.6468,10.0,100.0,10.0,5.0,cu_0119_1st.csv
85.6347,-52.6468,15.0,150.0,10.0,5.0,cu_0119_1st.csv
